mensagem,chave,salt,mensagem_criptografada
AZIOOURG,VMMSVP,FTYD,1574759963
EXFOVAVZ,WCVRWG,ECZZ,3430499025
RBBFGDIX,DSKAZA,WEYB,1687588193
JMOFSEUZ,FSRNQK,AONW,3526585363
AUCZXVXO,ITNSZD,QBBL,2660019679
OSEQOABA,BZXMXK,GHPY,1269472384
JSODVVBB,INTGKI,DBBI,622767800
CKIZBBTD,KQAQVX,HRCK,3703394044
XUPQZZJZ,ZYWLAI,BZWG,3708339939
VSBMQFKF,JEWCFG,URYR,207941887
QXVTNLWY,RLIRBL,HHSE,2727095955
UFUMQAQM,WYDMZT,GSUS,3884966403
ELROSKLA,STXPFH,XBKX,2834961886
ZQGEMEUC,AAYAGU,REUT,2814975508
QVFEZFIG,BOJFWV,VEEC,3987195074
LYMTSJEJ,DKTLDA,TPLA,2213147269
PIPQCFZQ,ALAGSX,BSWR,360406402
FJSGTGFN,AYBQJL,CYBM,1507782543
MGIEBVYP,QEZGZG,RBQV,96847183
QBGRLOYJ,TLFUDX,AOWK,2493570901
CYBAYIGY,VYLCYE,XZHK,1245947501
MTBYBKPK,WWQDRK,PVJP,1173876990
QYJWZBIZ,UXSLQG,SIDM,2154838826
BBDAFSEE,JWZIDD,SAUX,1608887001
HDUFLRAJ,WJHCUD,OIPE,1413222521
NVNFLZMW,MHAJFJ,DRME,1967030138
BIQVNJCN,WKRLNB,YBOD,2070179684
JVYJEQZR,APKGWD,AJAH,449786989
VHKYCYXF,LYBMSK,ATKW,2082586750
VYCVAOKO,CRWBFL,IKKQ,1075075719
WXEWHKYJ,BVIISG,QAPS,754772539
XGYUZBGU,SUPLYK,TWAG,1174389868
SWAZIJHN,HZLLMP,CKRR,399120615
BRXEAJZC,OKWQXD,MWJK,1475198118
VIJUKBUW,KBYTFZ,RALP,1373364081
EJRYRZQY,WGFPNS,YFRT,1859865918
NRIDTRYE,GSFJDH,EQWT,1653436039
VRWHNIRQ,QLRZOQ,SYWM,3387040401
JCXICAHS,TUTHVU,QPVF,3742802862
OTNNRENE,PDZLMF,IEUI,704494326
UGJXQJRG,JPWSSN,RMBO,884163031
SXKJTLQW,HOMQSU,UEJN,2292423426
CMNTSQQW,NVXQOZ,RGLS,111675448
SIUHRAMU,VFUBQY,MKKI,2731362732
AASIHHZJ,PXAHUU,EIAA,2947259172
PDMBRPHL,WNXBQF,EGPA,292851136
AMSNDTKJ,CGMNQK,MCMJ,3175401069
OUGLAGCA,XIUACX,ZHTG,3248327200
PPXUDTUC,IKVVPG,GRUN,1986562342
IWJYMXZR,YCYIVL,JZOR,3180044970
NUDBHWEE,SOSTNY,INIQ,4192719434
SWFJTRMU,BCHIXP,OOGO,3530145963
VCQIRQUS,DNNCPI,LBGI,2193642340
UOFBFQWI,IUAWAX,RYZJ,3091351753
CWYFEPXK,SZYKNU,QMUH,3248114117
KYSXQWHA,ZUPXCJ,TZGQ,235501826
QCVFERAR,KYVQJT,IZTX,2871022494
EIQQGWKO,SKXHXT,DQTG,3176884939
ZNHMRIGK,QOMQAH,OVVG,2865618031
UUYAOUNQ,IPXXUG,ODCU,3808262815
EVVKWJSP,BGAFME,WUDB,1261488081
EWTZEMUW,WDKKDY,PEKF,757523527
WSANULZF,CCJAIN,ZIZT,1113864819
CWHCEOHH,BYTKRS,AUQY,3227378846
XUBQOLOB,TRQOWW,AJIN,2869065059
YWNMXECO,HEPEXB,KCLC,1144133787
SBIVTGQW,FGEXLO,VJLO,164059409
PRIOKPQT,RCCSJS,ZQYS,2935869514
NTMYQXVL,QTIESN,SZIP,3515345739
QNESAVEA,XMEONN,MNYC,3870596253
PGRSNLTR,REUQZG,PXZK,3406195149
UPSXJPDW,CMSSSQ,MBUA,3616531328
REFAOWPT,FFXGNP,WFUL,1682792576
MJINYVSE,BOHAKA,OCHC,993965723
ZCVCGCKY,QDLOAP,MQLA,1200918553
MYLONIDA,GTEYGE,ZBLY,1315272051
VVLZZSQG,QWYELV,KRHB,3123081284
QTVXZWIJ,EIKJXE,XZDN,1459731657
TZZWBTJO,PBREJT,FYXB,3809520464
NOJAWUXW,VIKAVL,EYFX,3213042997
TCRKIQWL,IHLABI,QJWD,4133655087
JWSJTNQQ,CKZMBT,ANGS,1598840895
YHCONUKI,TXRRZH,EVYY,785114111
LSGLDGMG,KQKGTY,DSZB,1573365405
KFEQFNYF,GFLIAP,IMMZ,4167896655
LRQSMEDT,MJGKWR,KCRP,260162294
HCQCKBYB,QYTOWG,OGHG,2412132882
FKBHKSTO,UKQAIV,ACBJ,2034989793
FTPWJRIX,SMLLGL,DUUQ,1010458682
ZWTKYZFC,YKYVPY,NBKM,4268765992
BCYMNJQD,KDRXYY,JNON,3919584762
FGTWCJTM,LQMGRH,PQFB,1846359227
YCRCFLPM,AGCYYB,GGFN,2389996702
WCEYSRQF,BAGXLE,KNCG,487743066
HGPCDKQG,FOMCJQ,BRQC,474014094
RBQCJDZI,EVVJSR,XJBI,65220685
YNYSFSUL,CUFKXJ,VDNI,529522629
OVFSEIGP,AELAVB,DJSY,1132077007
MCHUOWDS,MBCJGI,EKGM,1900816601
HNDGWBAW,JMKCIF,SIGP,2671998396
WRPICNIY,HNRRTA,LSUW,1830525436
CRHTEDOR,VRLZZG,WOMY,207978200
IZSGZXSH,HXVBSK,RGAT,1088340528
OATLXOWL,CGMMIG,XKWA,1992858633
AWPHYLNW,CJFIIR,MTTJ,306464366
AYAOOLUC,HYCJQL,GOVG,1844647403
HNCWWOUZ,GDLBQY,URXZ,3225641787
VPGJLIKL,IXEJXS,ZRAT,429776215
PSYNLYHF,UVSYQD,WGYI,2738949094
PCQSFFHF,YZIEMT,PUFL,2273934915
FMWSACYN,AYPRWX,ZGSI,2448737370
HGGSOAGU,SLVUSH,UZZH,1433455469
NSXWUNWQ,BAXKOA,HIOF,572338756
EVXZTSGH,HIMCTF,ZZDW,2760579952
HPDGPGQV,FCOJHK,MSUO,4277956504
YDNLYBXE,LHQWAN,EOYR,2142393254
FYIKHRZR,CLCNDY,UZXH,174233169
JTJTSMVT,MNENUB,LYOA,188029255
DAQPQBUE,DYZAOX,QIAQ,2833875635
CMYEHVAB,ASXCMZ,SKKS,2112070742
JZLJGMAQ,QXGSKB,ZZSS,965384235
HOCTFDNB,OJFHIX,BCCF,1815216367
UKHODUHK,PVLLOH,IZXM,2305428352
QPKQYSRB,CDQITC,JXPZ,1770632684
EJIVVCMZ,OEYRCB,YIAJ,4146966888
FJXECLJM,UOZMME,GZPJ,4252669884
CTTXTEDK,DJJKUN,GYXB,3437342451
HTZGSJBS,LSFHVG,FQRC,3249930395
QJUIKJKK,YJKGXJ,VUGP,4229495747
YNWHXJAY,DAPARS,EHXT,660276464
IGJNTZDG,TWCVOI,BRCX,997499611
SNTFFSQG,YMIMYZ,LJEU,782095129
ZQVADDKZ,HFDPCI,AHQF,1303425301
MBKWBART,KUIFFB,ANIT,426852490
NKQPQWAH,XIIEJK,ILPN,3982648191
GMPIXUUY,TGWRCV,BEJT,2412863783
PTHJSJIS,HTTYHM,BVRN,3646662150
EZACSDLY,ZHDACU,DKHI,777237033
HMELPTHR,QCLSSN,XSYO,2059541389
TYUCNZWV,NUACRO,QTHZ,2329409135
FUZKXKRL,WKXCZX,DUEP,657670566
HRTMBWWO,KDUXXC,KYFQ,2872660986
JPQYKFAT,APBMLI,MZWJ,3968085877
MCHSZBCT,BBJFEO,XTII,2697197715
LNBKBHSY,NHWDUJ,EDKW,1485956827
HMSNSPFW,RODKZP,GVTP,2473077950
XOEVMYDU,RJHKUR,QJJJ,4180125030
VWLPPUHV,QZVKJX,BURG,1241164442
LSRGZCRG,VCLGQY,VBOG,2908450346
PTEEIKYH,MCBJQG,ZAGI,1923123948
KNLPYWGE,KORHCX,TYXM,3457641620
DICSTPQY,WSCKPI,HZCI,3768480851
ZAGHNCGF,DZSOWP,TIFZ,3067960232
VYMBBYJF,RRUEAK,OSEV,2122438720
CRWWKXJS,XDTZBA,HRDN,1163325923
BQBBOBGK,CIGHQW,FQLD,3023098308
ALGNMADL,QQSLYR,LGRI,296405712
FEUZTXYT,TANFDU,MMSU,740614193
WRNZZHTV,WLMETQ,FPUT,3423406057
GYUFHIOX,GZIWOW,IZUD,1599596646
YFKTXPQL,ZXJIQN,CJBL,2373757544
NDKTKUIO,LNZPCC,LIXX,1151865336
ELSSHCLA,JEVEVN,AENR,3321792941
HKUZXXYZ,SVNDTU,YPCP,2708990091
VPPUOECQ,XUPOPX,UZOF,2368721263
HTKMNOFZ,MXKEAI,XHCF,3076975414
UFUZXNVJ,NSOCEE,LBCC,1450858681
MYFOBVJN,PRQWSY,XVNH,3605187217
XYIRLIQW,FIYTGH,XUFP,645371423
STALREVA,KVBXPR,PTNH,3712648221
QLGMIACJ,RMBGJP,GCTL,1894135620
BOSSIJQM,MKANDF,NTLJ,834046805
ALOWAIWT,OSYDPO,UKLA,3098909126
FVAMYTIZ,SZBWNZ,KTWL,379082103
ODJHFWYV,UFRLUM,LGCO,3618351380
UCXNMZUS,FVZQYN,RRMA,2945695659
DTBAQDBG,MRTYAB,BHKD,2944932957
HUBSLULA,WCWJUJ,CZUB,3378616617
RWWRNDQC,YYJQTG,HYDJ,3512863800
XOLVIDKN,OPAXCD,LJON,1619394766
RNVQZVCZ,MOADOK,BKZI,3083058216
MKDTRLZM,EQIQZF,KIZU,2954936823
JQMOUULZ,TZYDSD,INBM,3065104967
JFPVRBQZ,TRFWRU,CNFD,3870210080
WINKDRVS,YKTVBF,TYCG,1539700477
QXZOPMXF,ACZGQB,KLAE,465149678
FOUMVMLH,WJPOML,BDGG,618024311
ORGWEVEI,QYDJOS,BVSH,1534442405
SNCBRHWP,ZJXZIG,EAJD,266149389
FMNRDORQ,XXUIHW,XWET,1706263461
TPRRTGWD,GEGUVD,LIXF,3128892866
ZLMFLQUS,SSZTJY,XYSV,1996277873
MNUPXERK,WKZWNF,NHYL,381349664
JCSSTGMJ,RZHSCT,KWRU,447138880
KLTSHCRA,WQYNAG,SFTV,4103972664
DBKQDXBG,TXLOSZ,DGTN,2691654123
TOEEPPGX,CTSYLZ,ROIY,825634844
HKXXOEAM,JBVCBJ,WUTL,1604576585
LTLIGAMK,IPZOJH,LBSC,2448769309
PSAZEBGD,SLMXWH,ERFS,2313794851
CSXHGTEB,TDNTTZ,OIQK,1954533182
JGSFVKAK,QJGVGP,PIPS,3471489766
PUKGOYPF,RILCMM,TCND,59473016
GRODLVWE,OWHTMU,GMIO,2782768118
SUDGXOND,RFXWDF,SDVS,680379679
NUFAOKKO,MZUYEN,YZWK,781298895
PLPJPSVP,GZNNEM,WIIU,1640277259
JVFSWLXX,BLXSLF,EDAR,1632758043
JEVKCCCB,NQOJOE,FLLT,3048765198
PYMPCGPR,MTUABT,HTSU,2377828104
YMMNFCAJ,RCHCJV,TVWL,2311110300
QZBCFZXF,VFWKSD,OIMX,2623801333
OOVGHJIC,DUDFGA,BSBJ,139694032
SWDMLDNJ,RXXAME,LDAC,2063617594
PFZNIWYZ,YTUCJO,SKCA,1624648034
VPRFHRQG,RZZYJS,CRXR,1122394810
TEXMWCBR,MHSOYH,PQTI,1160796280
QUXEKHJU,WBPLDI,AROG,1074115164
MMXXKLHD,XAXSRM,FYJH,1749560095
QFDDEEDQ,KBEOYJ,KJQP,3375042090
YGKYWBZS,WYDSDH,USRW,510926779
JSFLXVFK,CGHZVX,SEHC,371692560
IITAREEC,KIYBSO,OMAF,119766033
NXLGKGUV,SALOOW,PXJN,3907482400
NUWZUGRF,JTJWAJ,AJNK,2455846874
FETCQBRI,OEFQQW,VYOY,2314682784
JWMQPGBC,FDYAIR,EUKG,2950507743
LNTSELIA,PFNWFM,CLQR,2372654572
KDIKLYPQ,ERSNFM,YICP,850906754
TOIUFTMF,DHPYFO,UADT,1150324902
KJHRDJNV,QFUWNH,SGHE,2777430503
OEYDQCJA,QRRZLT,LGOZ,471841251
XBWQENVX,TBEGAH,YUTG,3938304487
TDFAYBJO,PRTMLF,SXSP,3978563241
AJPZMAAB,ZPRCYP,SHDX,2391245917
ETMWFMTZ,XZPHJP,QRQT,496345434
FFBLQTZB,GJNOYR,DXGK,373766596
JSNAJUVG,HFDKRR,WWCC,3854133583
CKXDSKSS,EDQXSE,RSAD,2265686962
KTZRXUHI,ZAHTEM,DHPS,810143091
MENRENQJ,IYIXRC,ICBP,2572716153
JZYLHPDQ,YRURZA,ZFQP,4238296462
LCRGNTYQ,TWNVON,YOSM,476759042
YNBBLITX,RBRNBP,UGHY,3512404682
EOSSJAMU,OUUEKC,HQLZ,2198331283
FHQVHXAM,AWKMVU,UKZB,2986326506
CZCWKJTZ,INTCXT,JLOT,461020625
PZEEOLGA,EJRXFU,FGRH,2435844582
PHYKOQVY,ICFBHL,UCQG,1238154809
BUOLQFLA,DHPVST,RIPF,2621891422
RFKWPMRW,VMMHMR,BCTW,2523860459
ZXRLBXIH,ZHEEXK,LBTD,2688905780
AAPLYKZY,AGLSYI,XYXJ,910757130
OOMXNVMD,TPGMTU,GDHO,58739737
CABJCRRE,CCHSEV,ZESW,1876044075
IFJWZZFS,GFGANJ,GGJJ,2657936833
ANUETHRZ,HDOONN,OWBR,4273476214
FZEWUVQI,KTQLQV,XSOI,354357406
XMVRXLFX,KPBGVK,WBII,3008307191
GBTMFKDK,ORLDMO,UPJW,2848128895
ECTQWNQZ,DVKXRQ,SCEY,371162497
AFSLHYQW,NJOJSL,ZDWE,2998133616
VUEEXQND,EFNRRX,USXB,2551343286
ZFTTVHCC,PVSAFB,LONH,2047888542
QKPHRXUK,WTDZUH,DQNR,203187162
TINCROPE,ACIJWP,QRPW,2765931753
SFYMTZEO,CKXJLA,XURB,1973571759
ODIJZDGP,RGBQMI,NGNG,173489429
NJDHQAMH,GZYLZU,AKVZ,3042666371
KLDXVKRQ,YDRFTZ,BLFZ,859233773
PJSGPWWD,DDXPEO,KPKQ,2361832772
YPQGHHHG,FICTTQ,YZAN,1906185736
CQQVNETD,SOXPRF,AXVJ,125437649
JBWVSGEB,FRBUSW,UQPB,2679768628
GQUZVRVH,FBOVAC,DMGN,1799246945
SSVOUNCW,PNURIM,UPDW,691608028
GWVLYRDF,ZHPJOC,QXNM,3535776495
BMEYLTOR,QEDAFB,VUPD,3867015917
XTISSIIW,RDMVQM,TIWZ,76794459
JAZYGIKS,DXMEDL,ILVY,2384574483
ARMTPOSW,XYRPPG,SAUW,4243537321
EJHLAQGT,OSDCJX,GLOM,1075994400
OOPGLFOW,PWUSAT,LOUS,2202645420
RMEAMWKU,BNAMAW,KZCV,3996518996
YFURORGW,PDMNAL,EDNI,4261540922
LEWLGWBX,AZCSUJ,HULH,3054621477
LIIPTZMD,EQKFDR,QHHT,1895949711
TMJGAELN,IWVSJQ,ZAKJ,2994555910
SXIWYRJV,RWNYZT,PUVJ,2980961973
MIYMOLAA,UFLRMV,MNIV,3599682490
UBSNXKSG,SHVATG,BWJO,835378822
PWZKOGAX,QOPLFX,GYSS,420317731
CQWJZOKP,OBTAUU,MLOA,3808905452
LSMXOSXP,PCXWNW,QPPU,1707989732
WFWSMZUZ,HSLZKK,TMCL,2839363292
GDQCGPOF,BUXWMA,XFXV,4180243313
ZOKRBVMB,PKGPQT,KBFN,1004282411
EKMIGBEL,GRXCZD,JBSX,3012825408
VQILEWXA,ZYEXCY,ADBY,2881560405
DPIDJIVL,CEXYQL,LCSY,4150005156
TQWGHLVF,KFJGQS,ASLB,1586346814
NOLQRRUV,OJZLHC,DAYM,1625443205
DRXOXFTN,CZWHXP,NFMG,3876656749
LIUVPHVQ,NQGNWQ,YVCX,1811826079
XHUSYWVW,HCJDQX,ARWX,1679327851
EDSKGDPX,OVUQPF,MGMW,1466553730
ORCTDZCR,OBWADD,AXIH,1109310637
JZPBYUSU,XVAOWC,LISP,20722522
FYGNDVLF,QKMYDD,GOGI,2652939788
ZLIBCDHV,JRPEDQ,OCXC,2494010867
GGVGNYWD,RIJUTK,TGQX,2911396809
DUOXJHHR,EJHBIV,QVUA,3989671
MLEIIOUZ,BXHYRQ,ZMPT,3759596099
YNMLJFZX,EPWUJB,VKYH,64040346
DKPCYEXF,GNNIWI,FBCJ,1595115078
QFYEHBHU,RZSJGF,OJQN,3302233765
QSZJEVIC,WGIEFX,YYGU,1599788718
FMDWFFGB,BHXXPB,UFHG,3894368846
EAFBBXNU,IOHBMP,ZAPI,112747691
YLFAFYNH,KGPSUO,RYTO,4176793369
XZVKYZPW,JMRBBQ,ZEDM,1936694370
FQHLYBLH,NNZQWP,PBDR,3769165626
QTGZZCPU,TGHEMY,UFWS,829923748
LSKYQMTJ,JVXKMK,NJDE,1280379805
NZRKJIEK,DXGVEX,BKDU,1992772942
GYQYTAQD,PQJFXM,DCHO,116112960
YJXUVUVG,BBIOSY,PJCJ,404216295
EYMBJUGI,GJBHRH,YCFT,2801967619
DQOMIRPU,BNWLJY,BAHQ,650079677
GHCSNGIE,WZCFMG,UQNW,1253772627
ORMZASPH,RQXSAG,SUOZ,3512725445
YJVMNAPP,ZIPLRD,FABD,917257972
CGCXYHYO,LPSQQY,MRAX,601393951
PCSGOYYI,UEBQWM,PPKI,1528610694
HMBWKNIN,CEAPZA,WQRJ,1307565882
AJQVFKLG,HQENFK,FLXL,901096472
PJMLXJFI,UELKAQ,GKJU,2444369971
IXUIYRZJ,WQFWLR,MYUW,3557425779
SMFGFZWK,YFPTDV,ENKQ,1515013736
PYFIARWT,ZUGMYQ,UXNT,381647576
ZNMNUCXL,HVIQVO,LKYU,3748535438
QFXKLXGC,KIKULT,RBUB,3905962584
MAZJRAGE,FSTPYT,OUHA,2576416878
GCDKAFYL,BNSEXB,KQUH,3829296954
FJANJLBI,LICVPW,BGFD,3825369477
SECIZDGL,LLUCPN,RSRM,674289714
QOCLTGNV,BWYYEV,JNQA,343329551
BGHYSUHO,YESNXQ,LQHM,2474939706
FRRSUOBI,BTGGRF,HPVP,3242430660
ZCLSSUYR,QSDXRM,MKAH,1748034336
ISTFXIUF,FQOROA,CNYE,1714041527
MDSFHUOB,IKWZLK,GPDA,2577534914
BFMIQLXB,NGGRMY,JVMH,542778062
PYYLGWRE,XLVWPV,CIFZ,633650646
IEPADLLM,ZKWPUU,GLNC,635649573
ZONQXKNN,UXBVEM,QAMW,889763857
SYYMOVSO,RFBPJY,NGKR,1768214551
EGTKGMSR,TPCRRT,HPPH,590263022
LMZQDMTY,LDCOBU,MUQA,2093254757
RTRKUISE,LUYQMC,LOEH,2513470972
VARMFAPR,PBAHYL,AKXK,790855383
IFYYNPCG,AXJVZS,ALHT,2184992732
FCLFXMQB,HVGFYT,JHMX,3435365324
WWCWTTQG,DXWSEA,AMZO,3560391857
WNRUXBRX,PSMVZA,AYGI,1363919683
TJRFPXDM,PVHWEQ,TPOH,125753901
XTSMJEYP,DIZFIV,LREA,4039599270
IOUVBDGB,WCIRNZ,FZCI,2845370072
DLJCVBMV,WLRMDP,HRRB,2450616422
EUDMCSWX,RQXEHM,WGAO,3296968508
RTIWEWAE,BIAJQF,OIAJ,306087399
EXMBSWQV,YLXLWG,MEBV,2925719043
EHGPFAEX,SQXGWI,AFLW,2839190312
XUAZNKTN,SLQBUF,MWJN,3057910783
PNNSAOUC,PJEEBX,DXCH,4061930294
MREYOZVR,ZQTDXW,DSKP,453338551
AQZQXLXB,QXEDXT,KOKC,3254322315
XPKSGUEK,WGWIZC,NOYS,767684692
APAHLYEI,KYBZJQ,FMEV,2979000105
ZWVDNYWO,OCCROT,DLAY,3263222487
SINDPWVL,RSNINR,JAHC,3295467860
NFHTWJZX,XOEYIV,LUAI,1331386757
QLKPZMFU,DQILOV,FIEP,1634373979
DJAFUJLJ,LWOWOU,IVWN,3418724736
EYLLMMTI,WVIJMZ,XKDF,3876054738
XWSWYEZF,MATTYK,OJBK,3946229325
UFFJDJBK,NGZHHW,TXZD,4244282758
IZKMGBSK,YEIWXK,QAVD,3323235627
RYRTKAVL,KGNMRR,PNIU,4184588415
FSFPLMLY,YMVOZK,JFTY,1100505296
CCJLOFNJ,FRSAXH,JDXX,3368073019
ATMLQCRZ,XJSRTA,VLLA,1214852645
MXZLSMJZ,RQTUUO,CLLT,1164528203
ZPPTHLVZ,CILVYK,QOXF,373601592
LLZLUYWV,KGXLIA,UKVG,2503929416
NFLZHQLX,EPLGXD,ADGX,3738302070
LMPTTNXP,ETSJQB,MAGA,2110121916
WISLAIDE,VDHRHX,EHPE,433765983
BPHMQMYY,GTFEXY,OLPX,1647137660
ZFHEAZWE,WRGQIA,OWZD,1283467356
TJWBXRWT,MZYAEI,YVID,3153278919
ZAJOHUHY,WNWIGI,NRSK,1396099562
SSHUAGBJ,PYFPSS,GHUR,3753394491
IIZWCTPT,SCRQKL,UJZO,391409062
PSEGDSLV,OPKVFU,OHKX,2100036770
MORMGDPC,BHMNCC,CTFW,1207044940
TBQULOYP,AQMCOW,XEZJ,4191743676
YPPLQDOQ,IBMYSO,JYYA,1408904023
DMRSJQPY,UXEIWP,EMKZ,212126316
BWJKBHQA,WTJLQE,JIBQ,2854417727
UOVEYJCU,RGPLQZ,BKOZ,1875583882
WSTOPEGC,TLJGBY,GPKE,2677279053
INGWSKHY,TGDEZF,AYKP,1011466382
TXYDZCEF,TDUOWZ,HZUD,2157578898
BSRMDJKI,APARPE,POPI,4104930141
AAOTDFYO,QDYIRU,DNPA,2600280110
CUHNPTCE,GYLFBX,AHAT,2099267613
NDFTWSYC,MYYBJL,OIJS,759964530
IEMXSEEH,THNYTE,MJTG,3680115148
YEASGLSO,PIKUSH,DJOG,2887531706
EMQVSRXV,EGXHGZ,ESUI,2982997095
GOANPAFM,MAQYEK,DTQH,343498396
ZDJIDSGT,ZTGPWQ,JJAV,3593825191
LHFGDPED,CMUAVS,YDIQ,3997225546
UVKLFZNG,AHFLWR,VODH,3411502721
RAJPPABK,MMHKVT,TZQE,2808324617
ZWXDHLEK,OYTYVU,VEFJ,780758173
LLVQSCMP,GEEOSI,NAXQ,3168964177
BYQLZZHF,HYOZMX,QVFM,607266375
QDLPFTTQ,GXGWOE,EQJX,1843105509
NRLFVDHK,HIIGYS,WFOF,2940140616
GZYJSTHZ,KYFTBT,SQPY,1671889398
SVXZCCGS,SZQPPY,AGSA,3172991889
RHCTGNGU,NCAYTS,MFPM,1304842521
HRBKFCLJ,XQBVAG,DWPD,95459138
APGZPLXJ,XCFKWW,NXSF,2663802897
LACLDSBA,FABVPX,ZSXR,1887662708
IBVFYZHH,IBSOYM,JOSF,3286269223
QAZOUETD,FRNQZD,VMNQ,1706086966
OTWINBUG,INDMFI,WYFE,853266391
JDMUKZOR,AIJMQF,IGZO,2090419647
GDGGQZLX,GCXQMV,POZO,392948522
GTUOVNNT,EYRXUP,WNFS,2568042374
DMOWQMMJ,BDKNJS,WBDL,3696053461
QVKOLDWV,WWGFLY,CWBN,397719504
ZYPILSOQ,XPNPBN,RPBM,3352821327
NLDHEZRR,ABHQXP,QURB,1486875344
VRYABZEI,WFHBUI,CEBB,3859488194
VFNZFWWG,HHSFDH,OCLC,769800651
JIDLWUFK,DVKLUU,XKQJ,3149072402
RZOKRNDN,EAMYNZ,GCGD,2963952879
XZRGIJCA,XHHSSG,UTTU,2385999205
IMIYGVVS,EVCPIB,XMUJ,368801529
HDBMEMXW,CUHUTE,TAQX,51731954
RFONYHGG,IHMDFO,WGBU,3566024028
ZLDMXJSX,YBUBOJ,CXHB,1134304468
IDNNXDJA,ZBXUOT,QUPK,4002174454
OHJMJAGD,UTLNPJ,WVMP,3822483909
XORFBGMR,UCYDHT,AQIG,1566464229
YAJWNFPX,FPNUIT,WIBK,2127296824
ZQMMPKZB,EARYNI,WMFN,578171169
TAHZSIUL,GNKMGU,SWZU,359178495
ALAGLJSL,IBFSUO,QFEG,295376250
ZQEOQPRV,ZPFZUO,EOAE,146373431
UPUZPPOZ,VFFLMM,VBUT,2215863114
MRGMXMGM,SUYOMG,MQIF,3722227921
INRMCLAR,OLBNQC,KUSN,3330132700
PFMMCXTM,ALNJNU,RXLW,571387600
KSTEVPGG,EELKYF,PJWA,1117995296
TSQBZFMN,XRQHIA,VGQA,3662421391
ECBNUIBC,HTAXYF,JKZV,2093173067
BHRIUPVB,BHQTJQ,LMAF,1072538186
RFQKDQYJ,AKSEBV,QHCT,806026377
SSVQXMXT,UAUYEP,ESGJ,2167431310
LLASRXHP,PJWEDX,LEQH,3265773464
RZJIFIBP,YOJGUW,CCOM,1524276042
LHWFYYSP,DKCXPK,DJWO,2052482988
WXPZIFYJ,ERAIIG,QTQZ,2528085518
UYJFLXRW,OMWWHQ,UHLO,3543670187
NGHUGSBL,AZESBU,TRXG,3828906182
UZXWLRNW,ESHNZV,MGTU,4076787054
OGSWMGZW,LEMMWR,VDVW,3464855322
SFXGUBVS,VASXTJ,JQOQ,2278515573
QAKTPIBE,UVJSKW,DIOL,279899346
ZSCXIEBL,PNHFCJ,DIYR,954038040
WMUGZFAA,CMKAWC,KFBE,2311513440
RGWPKJFG,TSVVUM,LGSL,1264009152
JJUILSEM,ABJYUO,TBHB,1066011559
CCIXXDMC,TMJTWM,MFHU,1395744650
CBWLIEXJ,GOGYQR,OTMO,4110040335
VJZGRONB,ZIKCIB,EPBX,1026196656
AECNYFII,IOCQPN,OSHO,2258571316
MKITJHNP,SLNPJT,PMQT,3250579101
VSGAADSW,FCUQKP,KRVN,154440670
ZXCSQRSX,ORATIN,PDTY,3043236804
IHCABSDM,OZOSZX,QWNW,2585942286
OWHHNYYR,THJRSD,YRPL,336479262
LRNPAWIZ,BPHKOA,GLJJ,4201354029
BFELJFXB,GJAHKC,SFRK,2114155232
INBSDHNH,ZPTINS,NTWM,733828574
BKAOLJAW,ILZLUE,SNGY,1820950935
QECHHHNO,DGZIHO,CVNL,3862194600
KDOFXLDX,CXSXVD,ZSGL,778812953
EMNLTYQU,ZRIFSQ,PRUC,3467858263
FEDXMPFZ,RMUMVK,BBNJ,631195025
OAEJYDXG,XSPQWV,MKHW,1912042372
HSUAUQKG,HBJPJO,OBSE,2287527583
SHXPGNRN,OANWJV,TLRV,3777469821
MCAZCNMT,EMHQMW,UNQT,1599550078
ENATYECZ,MYZKKT,OSNE,3246561848
IFZJNBPE,KNKXXX,CFBH,75784568
DMHVIXGT,BIOJIJ,KWRI,2066991271
ABVWCNDC,ISQUGH,KCQI,1347726010
ILUNTWJA,JUQRBH,XMHL,2250498193
TQETEZUG,QNOBUN,EOQC,1671097704
VOPTSQGD,NLZAMC,OPJS,2516769545
ECBRWIBS,EPJWFY,SNML,238696331
ZQGKDMFH,ZDCNIS,RUVT,1430250430
RSJCYSSH,RLUFCD,HAAX,1685049247
QLEBRZGA,OFCBYN,ONUQ,1545140396
PTUFYLKI,AQTTSB,RMVC,570432987
GZQCLSUC,KEBKHP,SHGI,3492760972
BMDWLIRJ,GUKDNW,EAZW,2811002514
XSWCZELU,GKKBTC,IAKT,2454638967
BVXDHQKZ,CONXSB,NTRW,3943674380
MVBXCQZQ,NYKUZD,YSJE,3697427514
SMHVNHQX,CTZFBP,NEUR,2934457736
ITPIEPYP,AVKXCO,YHUF,3707102175
BBONYHNG,AQQYGQ,EVOX,2278202177
UAHTLESE,NDGBWV,QMIC,1959501161
UUHXWYOT,MRABNU,UULI,2819842374
YOGUUULJ,VMLROM,VISN,2911543020
NGXXOYAT,EBZYLW,YSKZ,2324490033
KJBNEKRX,RQLJLV,CWUA,1279298788
FFMXKADF,DTVHJC,RJWJ,824972095
LJGZNAVD,KXEMYC,MIFQ,3208147692
CSKXNIRC,LXYDQY,DKUG,3568119669
PZNXMICQ,HUANQH,GHXK,3292049845
UHEOHFKN,XAGGWO,NFAB,3292803343
FSFAMMUA,AIHVJL,IFTS,1240932214
YKCQBUXY,VCBCVA,FKRH,1587298462
JDATIDPZ,CRPOAU,TGUE,118036790
PXARVRNS,UWPWHB,TIXQ,2681648998
BIWVNMPV,ZRNSLH,JCUG,3172355444
GJHCMUHF,HQXSBC,NNLH,448614337
HYRKNIZV,OLEYOC,WGQL,3197682789
FZDDQGXS,JMOWUK,SITR,695234858
UOGEMRQI,AGOING,RIFG,4175268712
HFJEORDI,LAMPUY,PSWB,149692286
NIWWLVNS,MBWUPE,BUSZ,465402761
MVBICBLN,PZPCIT,YVKR,1025431300
OYHIQMSD,PQYIMO,JOZL,3889725539
JDCRJPYU,ODEINT,MMOW,1311287035
UCWGCTWS,VWATGH,QWPU,3157210919
OBGLCQND,IOFPTI,CQNR,3574796628
ZWGZRHGG,KAYEGW,VZQV,3882949777
NHVRTLXH,ZDZHTE,RNIF,4124435757
SUIGBSUP,KIQIDO,MLCQ,2771699641
VRWPXZNP,BNRTLE,IEGS,814975681
SKWRIZYO,QOWUHE,UQOR,696901959
EPBCCTUQ,WMNCSC,DNJR,4265749946
MMAUKLET,FODEBS,FYIK,536210244
NWBMCZWV,GTFEYT,FNHB,247702094
KZFMJGFP,FMJHSS,FFMQ,3011236478
WNIDYLWR,LVTBCN,VZIS,2397598779
VGUPGBWZ,XUPAYF,PSBV,4123437418
YFRAOYMP,XYPJAG,JSLH,1177798565
GALJHGXO,ZIYLPD,YPCV,1473689055
WHKDQVFQ,EJYGAB,QFSO,3232688378
XEMVOMBZ,KAJJVY,WYSI,2647244695
QRJWGTFZ,MNIQTN,SRRC,1757250423
UJTGWFKD,ELVHOX,FTDO,3207345901
QBNRLDTN,MIUQKP,UTSS,2439044368
KQRDSESV,UBUPVS,SQST,617690794
VOEEUUSO,XTMFDW,LWCR,3068874817
HDSWPIND,IXPOJI,ANXQ,4286031857
KQTFFMOL,RKMBTV,JZSQ,61652816
TQEYNONL,WSSQFS,RCQP,1063958695
BWXZZKEQ,SDJEBZ,IDYF,1194238850
HXFOWTZT,LTEVBN,SKMY,3663917485
YMMONNKF,EBVIYT,BHYE,2275716001
WYQRRZSR,NRCAZH,AXGZ,3029903540
MGMPDTKS,QFCKZG,MNFP,2228386244
TQCZYGIS,KIQTGY,TMBP,1379068918
CBVRMLEL,ZAMMTP,ZWTQ,1016534109
KYMUAOZT,ZFWZES,RVDD,4071151407
GLKVWPWW,XTRFXN,SHUD,2798743069
YHKIDFON,QVENBM,NRFO,625682022
COZKYPLJ,YUBDGB,CJDR,1225774663
CYUKSFHD,QNOGLD,HBFP,2775329266
KFITGKET,FQCTQY,ZCJG,3023770993
ETQKRDDH,RZAOHE,BNFS,309994392
QHAQLVLT,XYSDNU,GAAI,2822251180
GZUEROYA,KWQASB,OQIV,3961212844
IZTZWEAQ,UQBZZY,MABA,2838973285
IOFQLRDO,FYIFKX,PWED,2056563929
RCXWOBLO,BHWPAT,NOIE,859776444
NMQPVWZA,QYQXQK,CFJN,485908708
WRIWIKCP,YZPUGZ,SCTK,2970810976
JLYJPKJP,XVRFTA,GQIR,2698919637
IIXHQVJC,SAHNTN,EPCF,3509650377
CKWIXAHK,LLMKTS,TVEF,1433097305
PUCTOXOY,ZHDQAV,XRFD,2815376439
OEQJNEIJ,JPDUTA,VNHZ,1846207161
DVPRRXOV,JWZALZ,UZEL,3386132584
JWQFTPUU,RHRRTH,WHRE,1290491403
CKNUFKYD,SEPXOH,IZZI,2277535783
QODERJAF,OIGBXT,ILAL,251147260
YXIFFABW,GLUHHL,HEJY,2445752122
DMCSMPZL,SMGALS,KJEF,2920913362
QJYJDVSU,UCXDZM,QBCL,2744136616
MTZQFHEI,ARZHAO,ATZR,1392793914
HCAAATCV,FUCCRW,KHFK,3156625685
QKGKEPDK,YACUFZ,EYGS,3716122766
BNGTNIYN,XDNSVR,QGJQ,3845877839
GGLHGCYW,MCDGBB,FXDB,2031795887
BXBJVXHR,IQRLBS,XNQS,4235310722
TNLBULSP,SCDSDC,KMFQ,4165084469
ALMUEPMD,QTHVRI,QUSY,1641550261
AFYFSPBF,YZQFXP,DQLG,2124586615
KJXUQRAQ,XMBWJE,FMJQ,1974179112
TEJJUJZI,IJMKPR,KQCX,3133382440
OMAELGKE,JEHQPG,UYWN,524656905
LODQTHEZ,XJJHPD,ZGUC,736696577
ROJYJVJS,QNPWXG,ACPQ,4272735679
LVYGFNGG,FFZYFY,CYOD,4254275461
XUKNAHZC,FTZAYN,ICLK,1778959510
TDPNBZIC,WYJTNU,CZAC,3501533069
GHSKGVER,UMOPWZ,NVRG,2683944991
IZJMOBMA,BLATKK,UGOG,1706150209
IPEDSPQR,IFGQLA,AWOO,2609076962
UPKLKMSU,CUKAVK,CCEF,4288701793
OEVETQNF,XPBQEA,FYDO,126258609
DEXKYWUD,WJMJDR,SIFD,2971709858
BMQCEPKG,BHHAQG,SJOY,1961536887
FYWNTQBS,BGFURM,UDUO,2044034789
QXXOURNG,WFYQJL,UJBE,3348701699
TOLRRHWR,ZWVKKK,XCHG,2643375085
YTMIKCFP,VIPEKB,TTGG,2386147318
TIRZDEIV,BWYGXV,YKZC,3834755458
AYXYRCZR,WMPSRS,TVWK,591020420
IKUILOLI,ZYAACQ,UQGC,4055562373
MGKXHOFU,JCWJGM,UUVL,1992496687
YCPMGCOK,MJBZXY,MOWG,2895664854
QIPJPAXO,CGQYKG,EFAH,2976886533
CSIPAEYV,AGNVJY,MYQI,147159858
ULHJOQNG,DJAVLN,CSKF,3538535015
BLKLANWV,VELLKO,RUFO,4227850751
RAYUUHYX,TLTLIJ,APVT,7360314
TRAKKOIE,KSTNWT,WKBG,2407128543
FTGWQHWM,RBOVYF,MTMN,3099001011
VKIVRMPO,FJFFMM,YJZA,4002758870
UEXTEHMW,PBUITS,OSNY,1026184203
THNAIWSI,FWSHSY,KFRR,871572826
IZQCNATY,VJKTSB,QRKI,2847188015
HVTTFJXV,IVUWOZ,AZMS,1644562021
ZOEGKWEN,DNIHSQ,VMGE,3291826672
TWFLZIMZ,YTJPUK,NGXZ,3359598219
QRXLZVUD,TQRHFK,SKUJ,765179911
MIDFPPRJ,SGROLP,HGEJ,3511628230
XHEQNONG,EHVMVA,QQEG,3465357386
CGBVHJZS,UFJGXY,TZKC,4045755083
ZXREUOQJ,PBOOPX,TJTG,2133507959
IJFORVWT,DHGSJQ,VMQQ,558865309
DBJYZXJB,OBQPBQ,WSYP,1198398334
UYCPZPNT,YWKURU,EMEP,474274143
BIAIOYUN,TJUADQ,HYCJ,260946356
KOLTPSFU,XNGQEY,UNGO,463780408
UREUPWIP,GYIYNL,GBFA,3552207975
MUXCZQZM,IKWSSV,WMMU,1272535941
JUUFGMAO,AYWVHL,WJLM,77954740
AKMOWQNZ,XWNIVP,YCKU,3210947583
PUFFJEYF,UCALZP,FREU,1521683557
VUKQDWRM,TIHUOF,DAHQ,1087590835
NBNYWNWB,VRTENF,ZNNC,3240068748
BJGBOMTZ,LPUSBB,IFPB,2748524582
CUONSZAA,RXKSEN,GSVZ,61942086
NNIBLRMJ,IQAZYS,MZDG,1369607189
DCXOCDDS,AMAAYB,YVQN,1600062809
OEVVSTSS,AOCYIQ,WVKH,1806878807
JXCCEFYX,TUIPOP,SBQK,917068780
ANCEWHZI,NXWORS,DRBX,713625773
SRWIPQKQ,WRWKNW,KONR,3666227829
VQZNYNKP,WTLBXX,SJMA,978120244
QDLZNMNL,QVYPVC,QAIV,2554416270
GDEIWARB,KLXKSA,JZVT,3739685123
DETSIZZR,UOCSSF,KAZO,2921255669
DHMOTCOH,GYGGDI,TRYO,3735981048
ZUGKSEBH,XHLFLZ,LYVR,3697377231
DPAOFHZB,HQIEDC,GONA,897542429
XCEADTOB,QBPUKY,IVOX,2981019216
WEPWIDSG,WDMGRR,XAEF,900679820
XMSOMYNW,OEGCNQ,NGJV,2180421753
QUJVHSBP,QEPAKI,XKDC,3421592514
ZBWEOHKJ,CXDYAJ,SHSO,1091249537
ICJWHKTE,MBFJVY,KFAV,3972258594
DQHMSYQS,IGKHQL,AIJM,3945274075
NWLVKIXN,DQDPAG,CFPK,1829759627
TTWDMFOI,HLDFUR,NARB,3581928929
VONGMGYF,CKTKVH,DUFW,2988365587
TYSYRYSV,VHHFED,TRNC,678202213
POASEDAL,VQCDHI,ORFP,32884371
CQBFPXCV,CGQEBT,RRMB,465931589
LMJSNKFL,WVGEYN,AJEA,4215681904
FFYSGEDW,KYEUJR,OHXS,3194209794
JEONARUK,TYNSBE,TYGM,3336267189
BJMTADZI,NANHJG,NMUS,4181293671
MXCNSQGV,EUKOED,MDDY,3902137996
KMKFTUBX,JGLCQJ,EJXN,1167823040
KKNGBNZS,FRLUOR,EBZB,1797124634
IEPYRXFB,LAFXZV,HVFK,252722969
HKVFAABK,RIGLVT,WBJE,2867279678
RARSNCWY,BILLHR,HIYH,1082713587
WXSUCUIL,FBPOQR,OYHP,1399207681
SCEUYVSU,AODVNX,FWWA,1485282320
IZJXWYFI,QCWTNT,FMRK,4037978716
UATFYHWR,FXRDFY,FBJI,1149892226
HUEOCMCJ,ALFLVD,ANWP,3861895437
NCOUBNUN,GJWHAW,ZNZI,3142800582
IRQBCHPR,UIJHXH,LLEK,1249171415
ZHPYRKUW,EFGHTI,DXVX,305469186
BBSHLKCX,PZFAMN,CCML,2011650749
RVHAOWYM,IBGYSJ,PWGU,3303976345
PMQQCYTL,WINLTC,PANU,15851585
EJHNVUKQ,UUZJQB,ENEP,2493607899
OOKFSJSI,FDEATF,OLHH,3709854753
PJEIJIBE,GFANWP,AOWU,3475802137
YWHNSKZR,WLHNVP,LYUD,949652668
APICJNCA,KABVYM,TYHV,4076550273
JNTFBXPV,KOMKZJ,MMBW,4288287233
UZGZWVSY,VYEXKN,UYAO,2951328293
UKMACWGD,MEHQRB,DFML,4253101613
TYCPKGDI,SYTFJJ,CKIN,286017166
DFNYXDFB,JUWRJG,DFDX,3207065395
MQOPMBLL,CCTRDT,OKZW,3813819908
VSOYGWIN,PDDQSY,ZJPU,109837514
LQRWPEQM,ZICMCB,AARG,19607111
GQNCDDDT,CEPBAH,YGWX,42288985
HMTLXKWU,EQKEFB,ENXI,371788141
QNACEMJG,JNGETO,OVMW,941564500
JHMVDFFL,BJGUYH,PRUP,3525411874
VFVDLSSW,SPAFQD,HWGF,1136745184
KILROAXD,ATYFTL,KAAH,3178050703
LCCTNIEM,GJTDNP,MLRK,2018136066
WSTBZNDZ,KKAQQD,BAPU,344128865
HVMMEEFX,SAMIFA,EBUU,395527988
JKJPTIMH,CLSRWP,AABL,2982463417
NHGNBLGO,ZHDALH,INAK,197130870
LVOMMWQP,HDFKTL,DGIP,357574173
WYTHPYJJ,XJAVZT,BVLM,1733024239
MPABJPLS,NGWPOT,LVEW,938843857
YLHODLNI,USDHKD,QJVM,1330435116
JBQILVHK,BSZGCS,MDKZ,2522978536
ZUVAPOHE,SUJIEQ,SZCH,2802040822
XHREXPZD,BFXEQA,IMVQ,2059676366
LAAJNBVQ,GBXTQF,BUWD,2390233936
EFPKTCIG,MQGSFU,DVCZ,642763928
EADRGNBM,FEJRAL,MMUY,278729180
CXBMRICU,IQJPVT,YQKG,305312195
MKCOPCFI,IHTEIJ,LYWY,8817473
IXTDDXDP,GDJNZD,OHPO,1151233563
FNQGWRCT,ZJTGPC,ZERW,4201591815
VKGSHJYK,RXKNES,ROAP,2405672263
PRQJKLIO,CAYZPF,SHQM,2895245593
TIDEGKRM,OBSREM,OONF,2967172004
OFKYYEMR,YQEMAY,XRWQ,1989621402
WXVGMSWT,ONXASZ,AHXZ,3678431432
JBULOMUM,AXSWVH,GWWP,2349508518
QSWKJOFG,JRETND,WYAV,2300721264
OBBUEEVG,ZYNPXI,JLME,1419402463
AXFFXOLT,JTNBTV,GVZM,266586014
ZJWRODRL,LSBUHN,GZFF,2317187220
BJGIFQQT,ZCEQJO,GXAU,47920862
JWNOOLEI,UJLACG,QFFR,634656039
AKJNQAAM,JYWVQI,HBSS,1169975899
BJVLQBCF,TWLWSU,QAIO,1184086981
NNSBPELK,ZCZZFU,AJTG,2063348444
VLHXZQXZ,IYXMHK,OEDD,2799743910
XZDYLWSP,TEEQUE,VZGO,1540488714
FWSNNKZY,EXTLLW,ROET,2859290295
IKQMEMWR,TIMROK,MWFS,3291347450
KYRFZSDP,SNLZRF,CYPC,2725089224
RXMODKWQ,CFZRPA,AQHR,3739118006
GNYFAAJS,GQHYNO,COQP,1551788569
KLDGUJBI,OHJDBS,CWED,1621825455
SQBLWEXU,TADAAB,YFXK,1230828034
AYUWSIUG,TOIZNI,QUSR,837456636
JIXZOTLK,SRZKYC,ZZLO,1171510613
GYDPZAXC,TCFOWL,SDFP,2263098330
AUINWEGC,OZIODI,MQCE,623461831
XIXRAFRW,UAPRRH,SRMS,1703859842
LNOAWVFW,RATIXB,HHRX,3957518802
JFMNTBYL,TBWLKJ,LHNH,627610451
IEWPKIHZ,POKAYG,OOLN,653700592
CPCWVQXB,RKBVLX,VQGW,4254385523
ZXULYUUS,GFOGWH,MYNY,3435253860
DXGMGHLL,AVSCHP,VBOL,3029827198
HHHMIJBB,JGHJVG,XWFI,4016978724
OXWITHYP,ZHPCKE,RNZC,2948125261
FWAHHTKH,PMSAWC,XVJN,1554133829
PGZTFQEY,XUSVLS,IGPO,3509664444
HGUTJHCQ,HUPXQR,ZZGN,1969993030
TQGGDPDH,FKQAXJ,XFAM,188383288
KPWVCHPF,MKHTZB,WOBR,2449934126
ISLEWQFE,EWGAWD,LNEX,1523558192
SAHFRXEV,IQKTUM,GXMO,2852664898
WFJKGJDU,XXYLGK,XYFF,3999924964
NGNVFNHV,ZBGRCE,PFQO,1811536026
ZAUKULBG,GTMANP,PMVW,3135892800
YUIMIDST,IWTSZD,LSOD,3957849528
LOODBLRF,EASHXL,LSHW,914244417
RANWEDNR,HUTQGW,LPIA,776468319
UNIINIVL,OXEDHM,CKZR,1628835374
IFAWBESV,AHYSES,LTYK,3529327644
UZUYETIQ,NKBQNV,BTKJ,2514244671
SKIZDKNA,NCWEFL,GGFA,3767657462
VOULNCAX,LENMHY,EMVN,1272281962
JNMPSMAW,EAKJQZ,RVTY,4074177677
FCTIZQAC,JWSRQW,PQNU,1732397779
JZJSRPUM,RMUETV,PWFT,2829301985
VSOSZRWG,ITHNGS,LJYD,3121409458
NTWEVJIC,IMCUXS,TZDE,2689834391
MSGXLALU,LKRPAO,SCWS,4193364009
LCMOMSPF,LGWDRJ,ZHUO,3420201362
DXCDWAHJ,JYBOBW,NRPS,2238840377
EZXSOFUB,UXCFVV,RJBR,145026494
RYRIGTJQ,XNTGMI,YCXZ,1510179795
SVCUBTUN,YSNKFH,XWXF,689355865
ZEDMUHEM,NNNBSP,ABST,448368485
NHZDJDYV,ULMGNJ,KQTP,2425003797
VKCGHFHB,ZBSGGN,RNFF,712940356
WGCMNPYK,UDDTZK,PMEB,2401709801
AFTCVNBQ,FOEHLW,FUOK,3635372845
SGRCKFGK,WHPGIE,UHUN,1843206571
GQAJCIFJ,QMRXQZ,EPTD,3548307791
XQNYKAXV,OLBNUQ,BYMR,2807828446
JIZBRQYQ,KYVQHM,NKTY,3453474852
YNFCJUPM,AXILNC,OZBG,899235379
OMBCCOTN,KFZFZA,RVYB,1124561868
WWWHABRG,DSUUWY,VQRO,3525068317
IPVVKDZW,ONGLJY,XUAO,3673194148
XZPKDSOD,JQLRVY,YQZI,1320733506
AODKPYRE,MCAIJC,JINP,1831488065
NLGPORZT,CHVFTX,UBVK,2715516517
WXXUIGIF,LUZXKJ,ZYFT,1326624678
XKDMNOVS,UOPSXT,EHBG,153426725
JJGMFTDI,KTOLLF,OINO,3516181194
SYCAWRFA,EBELJV,OUJV,2967548087
CXKOPHZH,GEGICL,XRUC,44411086
YKGZSMJP,FFTENS,FHIM,554742024
RAVWEACL,CPBSFM,TTNK,912680014
KWFPWROS,KKVKOF,SVCI,2206126198
WOOJBLTZ,IKCYSS,ABXX,3824391763
OOBNIKIR,QPCCAA,URWP,2763610494
EXETYDKG,KUGQAN,FOCL,2200988675
KOSSHIBI,DKACMH,NFFE,168540738
IYIMYCOO,FRZUXR,BUZO,4062284245
UHCOEQQC,VQSTVJ,HSFT,4046606691
YTYQOUPF,SICOSY,EAJM,2488899318
AQYVFMNL,SJYVLL,VLBN,2919478124
TFJBBKDY,ROEIZB,WRZV,3658930015
KVTRBODL,WXCPHG,LLFW,486068993
LDUZMMGI,SLHRED,EJZE,2294078659
IPFNJFXX,JBRPWF,REKJ,1143252858
FSWMYGAM,EDXSOX,VCGE,3602465709
SLFAUTRP,QIKSIL,CRVF,2813483997
QWZUVGEL,YXSSSS,FTMY,3497453086
QNNJGYHP,ARZPFC,JPHU,1959072381
CCTVPSBJ,UWQDDL,FJTF,3222904533
WCPCBOCB,FINOXI,MNUV,1286822760
DTQOGHCB,MHDQLW,EBNT,4190266004
DBYUICOU,HDSCDY,WABA,199494630
IBWFHSLO,VVPZRZ,BDUK,4195967754
KVUIPAUQ,GARWZV,OPXV,2672462702
LIRPVXDV,RUEDEH,GBEN,4008480159
VSHJHSZY,FMLSEU,ZGRG,1897959682
EXRGWYVY,SCYCDV,VVMM,3674205529
CTLIAJMG,MQSSDF,AIYU,669908534
XVGNYSSJ,INFLSU,XGDF,1107345731
GGPRRENH,UBAYEL,ZVAE,290222118
JCYFOZAY,QBMMUI,PEBG,2105581346
QTIHHQUS,MJGHXV,BAIB,3658659246
XTHUJWNJ,YTKBTB,TNMC,2857585220
YRKOBTSN,RKLGVS,WWEP,1029477758
ZYAEJGDO,EFCKRT,VHML,3741939661
HGSYZGAH,SURPFS,EIQU,3248132344
MQJCYBQB,SOGYXV,WYGM,3101156816
JGWBPXOH,SFUCFM,QJPD,3384901341
IIXMLTTJ,PFJRHG,TDRL,1782549596
TSLDTGEY,HAMHAT,LLCM,1040790434
DZYXPGXV,QMIIQY,UAAY,1273063273
KEJUUTDF,OQDEGS,AJQU,99545955
EICWDVQT,PCHJGM,PHLW,840625589
EGVJZRBT,UWWCCV,MKQT,3749081680
PVXJFSIN,CVEMYW,SPXR,2144539497
MMOFZSVD,FCXPUB,JVCG,220043447
NOYUTPSA,MIJPRH,LLRF,990840519
VQIQNNSS,GWLBRV,QXAC,3430254344
NEEHHDCG,NSJLPW,ULFN,1788230635
HYAMDCMT,AFOHKZ,CBPH,17152874
UCCZPVJI,QLDUOY,GPXX,2143115014
KTWQPFMQ,LQUYCA,YBOI,343010105
ETKGUDBN,YYBPEH,MVDI,1135060332
GCZUWWYD,BKCBXV,YZRL,3710862714
RXFFWJLP,HFDZTY,FNYS,4174397447
UNIRGGRK,VOBZDN,YUOZ,3035665022
CQRGPLMN,LKGUYD,OVDW,3284920486
AWKSRDFV,OYUBCW,AKZK,871511689
UGVYZIRH,RZKRNC,ULGA,1126726478
SEYVIPKM,ZKZRVX,SGIA,335089550
ZYKGKZXP,SDYASI,MXQR,1654554636
MZQUDUZY,FWONES,CAPZ,1078905105
YDPHSIQF,LSURVP,KLHB,148002978
ZXIFMFMH,SZWWCW,QRMZ,4127200401
TRBGDFPN,CRCFNE,JCXF,740490527
WTKISQUK,DWQXUW,OUNE,3917440191
OUVEDTUL,DSWXSA,GHYI,3034427600
IMYYMMWG,MZHUMC,ECNG,4268127492
FMMPEVRL,GLNWIK,BQQD,1036140815
TMEEWTNT,CUJYSF,VLQK,2144384264
KWPTFEXR,CBXDDH,SONE,1047635776
MOIPPDZR,JBYUAV,GFUY,239829813
IXBUXIGN,ZWMDTD,YSGC,1585399473
FTWOTTQR,ESCQJH,TMFT,1783273051
MWKLKBQZ,LMLMVC,PMCW,956119423
VQJWSUMA,AUTZJD,QOMD,3156871018
SMWASEGL,ECXBRD,TSZJ,369966171
USCTWERC,IQVNGJ,NRSM,1060217545
BLRZSKLV,LAPZVI,VMLD,3111688580
WEDLXBCO,GVVKTF,TYON,369202251
CIPHQJCY,VKTWJE,CSTK,812477214
DFFXUMSV,HXDARR,RQZP,1012213928
ECWVDNBW,YUGOWF,XNEZ,3537378612
IODXGKIZ,HLBABF,GPIS,2593406167
MKFCRFJC,ZJYNVE,TTMK,2849817579
UXOGTIGK,REYSMJ,RKMG,3362893978
YSDJBGTP,QXHWBO,MZMY,4092130837
JIXBEPWT,VUZHSE,HBUG,2409796433
MHGJPYES,LMWWGS,VXYO,1541711368
SAXKJDYA,NEMZSG,WJPM,1370555209
ICPWPWSI,MDKGLR,BFVN,566644587
WHESBVWM,OYEBHW,RWJE,3353013358
QWDICPZH,XGYETT,VGED,831237586
QITHLTKP,PMUXWJ,GKMY,169509844
JQGRNMRB,VJUUAI,YMPP,2022057836
JTRCHLKX,YCISVO,VQUP,953565455
DGZCGLIZ,APHUSZ,XCKA,2367680371
FRGZDIIK,TRBNHN,VWRZ,549488364
IZFUFBDF,RNBVUL,UEZM,1270532120
AXMRKYQW,RUYSAP,CZXH,2866972325
NOWAZIYL,DQATTX,REVB,3369214014
AHXQDEWG,IBITUN,EUFH,183894020
KKUEVKRN,QRXWCO,NYGP,1192913384
JGUZSDMU,VNSUQP,JFJL,1100358199
WZWUROVC,GLXNKT,MDID,1054255426
LXITBXVH,TFUPUO,THWN,2042463669
LHSCVYSN,TYBBSB,AMUG,403256234
EDJFVXRP,UVVMKU,MEAW,758398644
RGYHWGYW,JHJAMD,BREX,3527711686
IPRAADXV,OMNANO,MWWO,2463878208
JURIOBRL,MAXDBR,DQNF,419341094
RJMBFYVK,CWSDLY,JPGK,2387625624
GKEDPMWR,OGNYMF,ZNLC,2214309657
RTZQAGKB,DSADYY,BFOD,2706552
NNJFYSBY,ZCBQMG,VKMZ,1054199005
OPGXIVTZ,IKMXHD,AAEG,2900902837
ZKVZWAVO,KZKBSS,TOZZ,2057302605
NZVCTZKA,SMHRCX,QUCH,2503034380
KOIJLBIR,WZCTGT,NZQZ,3423978401
JLOXSUKZ,HSXFDV,VTMD,795223414
KSKKERTR,EYQWTO,BSIW,2814113820
QREBOGBV,CROOAU,TDTP,688680260
FCCFGYCM,YNNWUB,OQHF,459156856
PNNAECAR,ZSNBKR,XQLD,777292232
FZMVESOV,NPJZVE,PCKH,534911228
ZJCFHXVX,LTUHJY,MVLF,2401445641
PPFDTYNK,FLWYSD,IIWG,4191300234
GXCJGKHA,PXVFNJ,JAUJ,2276850634
DNIIDVXC,FOGDLD,AVKG,710460753
BWQZQZCQ,UFNUGG,QUJW,3026123439
ZMWNGEMP,QNHEUD,QLAO,3768933846
QTNKGNEU,XCAPGJ,GXPN,2313403638
DFIESIAS,OZVKKU,CZMV,1606088738
IXEMONFG,ZGWSGV,WWQB,2316949574
BZZUHHGE,JKQNGZ,BEGI,4024433290
EKHDRKFZ,CLEDNR,IBOK,1342013031
DWCHSLDE,DVKIDJ,TRNX,2356122414
FTQYLKYH,JWRURA,XTEH,4260189188
DSVFIWQH,FOBLRN,RHEO,1094689762
QMYKKEKP,VUQRJU,ZGZS,3971406242
SQFUFMGC,HSFMSL,MEUU,4257381239
IUUYOKER,PJXWFY,MNMJ,1811940372
TTZBWVQM,PMUGRB,GTMM,3695228364
JBKTWFZN,PYBXCL,ZXAP,1935889077
FCFWNNAM,BPNVWH,JYTX,608402652
CJMHWIGS,IIVQLZ,IMCF,3484336411
RHLBUVEK,ATIUGI,ENDF,3633628792
UULGUNNY,PWHRUE,VLTE,3322451282
NQOMMEND,ANEHNL,KKXH,1179452427
QWWCWVDQ,VQNJJZ,JLUY,1743472058
